9987,KRC Genk,GEN,KRC Genk,Genk,Genk,Genk,,,Genk,GENK,Genk
9993,Beerschot AC,BAC,,,,,,,,,
10000,SV Zulte-Waregem,ZUL,SV Zulte Waregem,Zulte-Waregem,Zulte-Waregem,Zulte-Waregem,Zulte-Waregem,,Zulte-Waregem,ZULTE,Waregem
9994,Sporting Lokeren,LOK,Sporting Lokeren,Lokeren,Lokeren,Lokeren,Lokeren,,Lokeren,LOKEREN,Lokeren
9984,KSV Cercle Brugge,CEB,Cercle Brugge,Cercle Brugge,Cercle Brugge,Cercle Brugge,Cercle Brugge,,Cercle Brugge,CERCLE,Cercle Brugge KSV
8635,RSC Anderlecht,AND,RSC Anderlecht,Anderlecht,Anderlecht,Anderlecht,Anderlecht,,Anderlecht,ANDERLECHT,Anderlecht
9991,KAA Gent,GEN,KAA Gent,Gent,Gent,Gent,,,Gent,AA GENT,Gent
9998,RAEC Mons,MON,R AEC Mons,Mons,,Mons,,,,MONS,
7947,FCV Dender EH,DEN,FCV Dender EH,FC Dender,,Dender,FCV Dender EH,,,,
9985,Standard de Liège,STL,Standard Liege,Standard Liege,Standard Liege,Standard Liege,Standard Liege,,St.Liege,STANDARD LIEGE,St. Liege
8203,KV Mechelen,MEC,Yellow Red KV Mechelen,KV Mechelen,KV Mechelen,KMechelen,Mechelen,,Mechelen,MECHELEN,KV Mechelen
8342,Club Brugge KV,CLB,Club Brugge,Club Brugge,Club Brugge,Brugge,Club Brugge,,Club Brugge,CLUB BRUGGE,Club Brugge KV
9999,KSV Roeselare,ROS,KSV Roeselare,Roeselare,Roeselare,Roeselare,Roeselare,,,ROESELARE,KSV Roeselare
8571,KV Kortrijk,KOR,KV Kortrijk,Kortrijk,Kortrijk,Kortrijk,Kortrijk,,Kortrijk,KORTRIJK,Kortrijk
4049,Tubize,TUB,FC Tubize,Tubize,Tubize,Tubize,Tubize,,,TUBIZE,Tubize
9996,Royal Excel Mouscron,MOU,R. Mouscron,Royal Excel Mouscron,,Royal Excel Mouscron,,,Mouscron,MOUSCRON,Mouscron
10001,KVC Westerlo,WES,KVC Westerlo,KVC Westerlo,Westerlo,Westerlo,Westerlo,,Westerlo,WESTERLO,Westerlo
9986,Sporting Charleroi,CHA,Royal Charleroi SC,Charleroi,Sporting Charleroi,Sporting Charleroi,Charleroi,,Charleroi,CHARLEROI,Charleroi
9997,Sint-Truidense VV,STT,St. Truidense VV,St Truiden,Sint-Truiden,StTruiden,Sint Truiden,,St Truiden,ST TRUIDEN,St. Truiden
9989,Lierse SK,LIE,SK Lierse,Lierse,Lierse,Lierse,Lierse,,Lierse,LIERSE,Lierse
6351,KAS Eupen,EUP,AS Eupen,Eupen,Eupen,Eupen,KAS Eupen,,Eupen,EUPEN,Eupen
1773,Oud-Heverlee Leuven,O-H,Heverlee Leuven,OH Leuven,OH Leuven,Oud-Heverlee,Leuven,,OH Leuven,OH LEUVEN,Leuven
8475,Waasland-Beveren,WAA,KV RS Waasland Beveren,Waasland,RS Waasland-Beveren,Waasland-Beveren,Red Star Waasland,,Waasland-Beveren,BEVEREN,Waasland-Beveren
8573,KV Oostende,OOS,KV Oostende,Oostende,KV Oostende,Oostende,Oostende,,Oostende,OOSTENDE,Oostende
274581,Peruwelz,MOP,Peruwelz,Mouscron-Peruwelz,Mouscron-Peruwelz,Mouscron-Peruwelz,Mouscron Peruwelz,,,,
10260,Manchester United,MUN,Manchester United,Manchester Utd,Manchester United,Manchester United,Manchester United,Manchester United,Man Utd,MANCHESTER UNITED,Manchester United
10261,Newcastle United,NEW,Newcastle United,Newcastle,Newcastle United,Newcastle United,Newcastle,Newcastle,Newcastle,NEWCASTLE,Newcastle Utd
9825,Arsenal,ARS,Arsenal FC,Arsenal,Arsenal,Arsenal,Arsenal,Arsenal,Arsenal,ARSENAL,Arsenal
8659,West Bromwich Albion,WBA,West Bromwich Albion,West Brom,West Bromwich Albion,West Bromwich Albion,West Bromwich,WBA,West Brom,WEST BROMWICH,West Brom
8472,Sunderland,SUN,Sunderland AFC,Sunderland,Sunderland,Sunderland RCA,Sunderland,Sunderland,Sunderland,SUNDERLAND,Sunderland
8650,Liverpool,LIV,Liverpool FC,Liverpool,Liverpool,Liverpool,Liverpool,Liverpool,Liverpool,LIVERPOOL,Liverpool
8654,West Ham United,WHU,West Ham Utd,West Ham,West Ham United,West Ham United,West Ham,West Ham,West Ham,WEST HAM,West Ham
8528,Wigan Athletic,WIG,Wigan Athletic,Wigan,Wigan Athletic,Wigan Athletic,Wigan Athletic,,Wigan,WIGAN,Wigan
10252,Aston Villa,AVL,Aston Villa,Aston Villa,Aston Villa,Aston Villa,Aston Villa,Aston Villa,Aston Villa,ASTON VILLA,Aston Villa
8456,Manchester City,MCI,Manchester City,Manchester City,Manchester City,Manchester City,Manchester City,Manchester City,Man City,MANCHESTER CITY,Manchester City
8668,Everton,EVE,Everton FC,Everton,Everton,Everton,Everton,Everton,Everton,EVERTON,Everton
8655,Blackburn Rovers,BLB,Blackburn Rovers,Blackburn,Blackburn Rovers,Blackburn Rovers Academy,Blackburn Rovers,,Blackburn,BLACKBURN,Blackburn
8549,Middlesbrough,MID,Middlesbrough FC,Middlesbrough,Middlesbrough,Middlesbrough,Middlesbrough,Middlesbrough,Middlesbrough,MIDDLESBROUGH,Middlesbrough
8586,Tottenham Hotspur,TOT,Tottenham Hotspur,Tottenham,Tottenham,Tottenham Hotspur,Tottenham,Tottenham,Tottenham,TOTTENHAM,Tottenham
8559,Bolton Wanderers,BOL,Bolton Wanderers,Bolton,Bolton Wanderers,Bolton Wanderers,Bolton Wanderers,,Bolton,BOLTON,Bolton
10194,Stoke City,STK,Stoke City,Stoke City,Stoke City,Stoke City,Stoke City,Stoke,Stoke,STOKE,Stoke City
8667,Hull City,HUL,Hull City,Hull City,Hull City,Hull City,Hull City,Hull,Hull,HULL,Hull City
9879,Fulham,FUL,Fulham FC,Fulham,Fulham,Fulham,Fulham,Fulham,Fulham,FULHAM,Fulham
8455,Chelsea,CHE,Chelsea FC,Chelsea,Chelsea,Chelsea,Chelsea,Chelsea,Chelsea,CHELSEA,Chelsea
8462,Portsmouth,POR,Portsmouth FC,Portsmouth,Portsmouth,Portsmouth,Portsmouth,,Portsmouth,PORTSMOUTH,Portsmouth
8658,Birmingham City,BIR,Birmingham City,Birmingham,Birmingham City,Birmingham City,Birmingham City,,Birmingham,BIRMINGHAM,Birmingham
8602,Wolverhampton Wanderers,WOL,,,,Wolverhampton Wanderers,Wolverhampton,,,WOLVERHAMPTON,
8191,Burnley,BUR,Burnley FC,Burnley,Burnley,Burnley,Burnley,Burnley,Burnley,BURNLEY,Burnley
8483,Blackpool,BLA,Blackpool FC,Blackpool,Blackpool,Blackpool,Blackpool,,Blackpool,BLACKPOOL,Blackpool
10003,Swansea City,SWA,Swansea City,Swansea,Swansea City,Swansea City,Swansea City,Swansea,Swansea,SWANSEA,Swansea
10172,Queens Park Rangers,QPR,Queens Park Rangers,Queens Park,Queens Park,Queens Park Rangers,Queens Park,QPR,QPR,QUEENS PARK,Queen's Park
9850,Norwich City,NOR,Norwich City,Norwich,Norwich City,Norwich City,Norwich City,Norwich,Norwich,NORWICH,Norwich
8466,Southampton,SOU,Southampton FC,Southampton,Southampton,Southampton,Southampton,Southampton,Southampton,SOUTHAMPTON,Southampton
9798,Reading,REA,Reading Lfc,Reading,Reading,Reading,Reading,,Reading,READING,Reading
9826,Crystal Palace,CRY,Crystal Palace,Crystal Palace,Crystal Palace,Crystal Palace,Crystal Palace,Crystal Palace,Crystal Palace,CRYSTAL PALACE,Crystal Palace
8344,Cardiff City,CAR,Cardiff City,Cardiff,Cardiff City,Cardiff City,Cardiff City,Cardiff,Cardiff,CARDIFF,Cardiff
8197,Leicester City,LEI,Leicester City,Leicester,Leicester City,Leicester City,Leicester City,Leicester,Leicester,LEICESTER,Leicester
8678,Bournemouth,BOU,Bournemouth AFC,Bournemouth,AFC Bournemouth,Bournemouth,Bournemouth AFC,Bournemouth,Bournemouth,BOURNEMOUTH,Bournemouth
9817,Watford,WAT,Watford FC,Watford,Watford,Watford,Watford,Watford,Watford,WATFORD,Watford
8583,AJ Auxerre,AUX,AJ Auxerre,Auxerre,Auxerre,Auxerre,AJ Auxerre,,Auxerre,AUXERRE,Auxerre
9830,FC Nantes,NAN,FC Nantes,Nantes,Nantes,Nantes,Nantes,Nantes,Nantes,NANTES,Nantes
9827,Girondins de Bordeaux,BOR,FC Girondins Bordeaux,Bordeaux,Bordeaux,Bordeaux,Bordeaux,Bordeaux,Bordeaux,BORDEAUX,Bordeaux
7819,SM Caen,CAE,SM Caen,Caen,Caen,Caen,Caen,Caen,Caen,CAEN,Caen
9746,Le Havre AC,LEH,AC Havre,Le Havre,Le Havre,Le Havre,Le Havre,,Le Havre,LE HAVRE,Le Havre
9831,OGC Nice,NIC,OGC Nice,Nice,Nice,Nice,Nice,Nice,Nice,NICE,Nice
8682,Le Mans FC,LEM,,Le Mans,,,,,,LE MANS,
8689,FC Lorient,LOR,FC Lorient,Lorient,Lorient,Lorient,Lorient,Lorient,Lorient,LORIENT,Lorient
9748,Olympique Lyonnais,LYO,Lyon,Lyon,Lyon,Lyon,Lyon,Lyon,Lyon,LYON,Lyon
9941,Toulouse FC,TOU,Toulouse FC,Toulouse,Toulouse,Toulouse,Toulouse,Toulouse,Toulouse,TOULOUSE,Toulouse
9829,AS Monaco,MON,AS Monaco FC,Monaco,Monaco,Monaco,Monaco,Monaco,Monaco,MONACO,Monaco
9847,Paris Saint-Germain,PSG,Paris Saint,Paris Saint Germain,Paris SG,Paris Saint Germain,Paris Saint Germain,PSG,Paris SG,PARIS SG,Paris SG
8481,AS Nancy-Lorraine,NAN,AS Nancy Lorraine,Nancy,Nancy,Nancy,Nancy,Nancy,Nancy,NANCY,Nancy
8639,LOSC Lille,LIL,OSC Lille,Lille,Lille,Lille,Lille,Lille,Lille,LILLE,Lille
9851,Stade Rennais FC,REN,FC Stade Rennes,Rennes,Rennes,Rennes,Rennes,Rennes,Rennes,RENNES,Rennes
8592,Olympique de Marseille,MAR,Olympique Marseille,Marseille,Marseille,Marseille,Marseille,Marseille,Marseille,MARSEILLE,Marseille
9874,FC Sochaux-Montbéliard,SOC,FC Sochaux,Sochaux,Sochaux,Sochaux,Sochaux,Sochaux,Sochaux,SOCHAUX,Sochaux
9855,Grenoble Foot 38,GRE,,Grenoble,,,Grenoble,,,GRENOBLE,Grenoble
9873,Valenciennes FC,VAL,Valenciennes FC,Valenciennes,Valenciennes,Valenciennes,Valenciennes,Valenciennes,Valenciennes,VALENCIENNES,Valenciennes
9853,AS Saint-Étienne,ETI,AS Saint Etienne,St Etienne,Saint-Etienne,Saint Etienne,Saint Etienne,Saint Etienne,St.Etienne,SAINT ETIENNE,St Etienne
8588,RC Lens,LEN,RC Lens,Lens,Lens,Lens,Lens,Lens,Lens,LENS,Lens
10249,Montpellier Hérault SC,MON,HSC Montpellier,Montpellier,Montpellier,Montpellier,Montpellier,Montpellier,Montpellier,MONTPELLIER,Montpellier
4170,US Boulogne Cote D'Opale,BOU,Boulogne Sur Mer,Boulogne,Boulogne,Boulogne,Boulogne,,,BOULOGNE,Boulogne
108893,AC Arles-Avignon,ARL,AC Arles Avignon,Arles,,Arles-Avignon,AC Arles-Avignon,,Arles,ARLES,Arles-Avignon
8521,Stade Brestois 29,BRE,Stade Brestois,Stade Brestois,,,Stade Brestois,,Brest,BREST,Brest
8576,AC Ajaccio,AJA,AC Ajaccio,Ajaccio,Ajaccio,Ajaccio,Ajaccio,Ajaccio,Ajaccio,AJACCIO,AC Ajaccio
4087,Évian Thonon Gaillard FC,ETG,Evian TG FC,Evian TG FC,Evian Thonon Gaillard,Evian Thonon Gaillard,Evian Thonon Gaillard,Evian,Evian,EVIAN,Evian TG
9836,Dijon FCO,DIJ,Dijon FCO,Dijon,Dijon,Dijon,Dijon,Dijon,Dijon,DIJON,Dijon
9837,Stade de Reims,REI,Stade de Reims,Reims,Reims,Reims,Reims,Reims,Reims,REIMS,Reims
7794,SC Bastia,BAS,Bastia,Bastia,Bastia,Bastia,Bastia,Bastia,Bastia,BASTIA,Bastia
10242,ES Troyes AC,TRO,ES Troyes AC,Estac Troyes,Troyes,Troyes,Troyes,Troyes,Troyes,TROYES,Troyes
9747,En Avant de Guingamp,GUI,EA Guingamp,Guingamp,Guingamp,Guingamp,Guingamp,Guingamp,Guingamp,GUINGAMP,Guingamp
8550,FC Metz,MET,FC Metz,Metz,Metz,Metz,Metz,Metz,Metz,METZ,Metz
8121,Angers SCO,ANG,SCO Angers,Angers,Angers,Angers,Angers,Angers,Angers,ANGERS,Angers
6391,GFC Ajaccio,GAJ,Ajaccio GFCO,GFC Ajaccio,Gazelec Ajaccio,GFCO Ajaccio,Ajaccio Gfco,GFCO Ajaccio,GFC Ajaccio,AJACCIO GFCO,GFC Ajaccio
9823,FC Bayern Munich,BMU,Bayern Munich,Bayern Munich,Bayern Munchen,Bayern Munich,Bayern Munchen,Bayern Munchen,Bayern M,BAYERN MUNCHEN,Bayern Munich
9790,Hamburger SV,HAM,Hamburger SV,Hamburger SV,Hamburger SV,Hamburger,Hamburger SV,Hamburger,Hamburg,HAMBURGER SV,Hamburger SV
8178,Bayer 04 Leverkusen,LEV,Bayer 04 Leverkusen,Bayer Leverkusen,Bayer Leverkusen,Bayer Leverkusen,Bayer Leverkusen,Bayer Leverkusen,Leverkusen,LEVERKUSEN,Bayer Leverkusen
9789,Borussia Dortmund,DOR,Borussia Dortmund,Borussia Dortmund,Borussia Dortmund,Borussia Dortmund,Borussia Dortmund,Borussia Dortmund,Dortmund,BORUSSIA DORTMU,Dortmund
10189,FC Schalke 04,S04,FC Schalke 04,FC Schalke 04,Schalke 04,Schalke 04,Schalke 04,Schalke,Schalke 04,SCHALKE 04,Schalke
9904,Hannover 96,HAN,Hannover 96,Hannover 96,Hannover 96,Hannover 96,Hannover 96,Hannover,Hannover 96,HANNOVER,Hannover
8721,VfL Wolfsburg,WOL,VfL Wolfsburg,VfL Wolfsburg,Wolfsburg,Wolfsburg,VfL Wolfsburg,Wolfsburg,Wolfsburg,WOLFSBURG,Wolfsburg
8722,1. FC Köln,FCK,1. FC Köln,FC Koln,FC Koln,Cologne,FC Cologne,Koln,FC Koln,FC KOLN,1. FC Koln
9810,Eintracht Frankfurt,EFR,Eintracht Frankfurt,Eintracht Frankfurt,Eintracht Frankfurt,Eintracht Frankfurt,Eintracht Frankfurt,Frankfurt,Frankfurt,EINTRACHT FRANK,Eintracht Frankfurt
8177,Hertha BSC Berlin,HBE,Hertha BSC Berlin,Hertha Berlin,Hertha Berlin,Hertha Berlin,Hertha Berlin,Hertha Berlin,Hertha BSC,HERTHA BERLIN,Hertha Berlin
9912,DSC Arminia Bielefeld,BIE,Arminia Bielefeld,Arminia Bielefeld,Arminia Bielefeld,Arminia Bielefeld,Arminia Bielefeld,,Bielefeld,ARMINIA BIELEFE,Arminia Bielefeld
8697,SV Werder Bremen,WBR,Werder Bremen,Werder Bremen,Werder Bremen,Werder Bremen,Werder Bremen,Werder Bremen,Bremen,WERDER BREMEN,SV Werder Bremen
8398,FC Energie Cottbus,COT,Energie Cottbus,Energie Cottbus,Energie Cottbus,Energie Cottbus,Energie Cottbus,,Cottbus,COTTBUS,Energie Cottbus
8226,TSG 1899 Hoffenheim,HOF,TSG 1899 Hoffenheim,1899 Hoffenheim,Hoffenheim,Hoenheim,TSG Hoffenheim,Hoffenheim,Hoffenheim,HOFFENHEIM,Hoffenheim
9788,Borussia Mönchengladbach,GLA,Borussia Mönchengladbach,Borussia Monchengladbach,Monchengladbach,Borussia Moenchengladbach,Borussia Monchengladbach,M'Gladbach,Gladbach,MONCHENGLADBACH,B. Monchengladbach
10269,VfB Stuttgart,STU,VfB Stuttgart,VfB Stuttgart,Stuttgart,VfB Stuttgart,VfB Stuttgart,Stuttgart,Stuttgart,STUTTGART,VfB Stuttgart
8295,Karlsruher SC,KAR,Karlsruher SC,Karlsruher SC,Karlsruher,Karlsruher,Karlsruher SC,,Karlsruhe,KARLSRUHER,Karlsruher
9911,VfL Bochum,BOC,VfL Bochum,VfL Bochum,Bochum,Bochum,VfL Bochum,,Bochum,BOCHUM,Bochum
8358,SC Freiburg,FRE,SC Freiburg,SC Freiburg,Freiburg,Freiburg,SC Freiburg,Freiburg,Freiburg,FREIBURG,Freiburg
8165,1. FC Nürnberg,NUR,1. FC Nürnberg,FC Nurnberg,Nurnberg,Nuernberg,Nurnberg,Nurnberg,Nurnberg,NURNBERG,Nurnberg
9905,1. FSV Mainz 05,MAI,FSV Mainz 05,FSV Mainz 05,Mainz 05,Mainz 05,FSV Mainz 05,Mainz,Mainz 05,MAINZ,Mainz
8350,1. FC Kaiserslautern,KAI,1. FC Kaiserslautern,FC Kaiserslautern,Kaiserslautern,Kaiserslautern,Kaiserslautern,,Kaiserslautern,KAISERSLAUTERN,Kaiserslautern
8152,FC St. Pauli,STP,FC St. Pauli,FC St. Pauli,St. Pauli,St. Pauli,St. Pauli,,St.Pauli,ST PAULI,St. Pauli
8406,FC Augsburg,AUG,FC Augsburg,FC Augsburg,Augsburg,Augsburg,Augsburg,Augsburg,Augsburg,AUGSBURG,Augsburg
8194,Fortuna Düsseldorf,FDU,Fortuna Düsseldorf,Fortuna Dusseldorf,Fortuna Dusseldorf,Fortuna Dusseldorf,Fortuna Dusseldorf,,Dusseldorf,FOR. DUSSELDORF,Dusseldorf
8357,SpVgg Greuther Fürth,GRF,Greuther Furth,SpVgg Greuther Furth,Greuther Furth,Greuther Fuerth,Greuther Furth,,Greuth Furth,GREUTHER FURTH,Greuther Furth
9776,Eintracht Braunschweig,BRA,Eintracht Braunschweig,Eintracht Braunschweig,Eintracht Braunschweig,Eintracht Braunschweig,Eintracht Braunschweig,Braunschweiger,Braunschweig,BRAUNSCHWEIG,Braunschweig
8460,SC Paderborn 07,PAD,SC Paderborn 07,SC Paderborn 07,Paderborn,Paderborn,SC Paderborn 07,Paderborn,Paderborn,PADERBORN,Paderborn
8234,FC Ingolstadt 04,ING,FC Ingolstadt,FC Ingolstadt 04,Ingolstadt,Ingolstadt,Ingolstadt,Ingolstadt,Ingolstadt,INGOLSTADT 07,Ingolstadt
8262,SV Darmstadt 98,DAR,SV Darmstadt 98,SV Darmstadt 98,Darmstadt 98,Darmstadt,SV Darmstadt 98,Darmstadt,Darmstadt 98,DARMSTADT,Darmstadt
8524,Atalanta,ATA,Atalanta Bergamasca Calcio,Atalanta,Atalanta,Atalanta,Atalanta,Atalanta,Atalanta,ATALANTA,Atalanta
8551,Siena,SIE,Robur Siena,Robur Siena,Robur Siena,Robur Siena,Siena,,Siena,,Siena
8529,Cagliari,CAG,Cagliari Calcio,Cagliari,Cagliari,Cagliari,Cagliari,Cagliari,Cagliari,CAGLIARI,Cagliari
8543,Lazio,LAZ,SS Lazio Roma,Lazio,Lazio,Lazio,Lazio,Lazio,Lazio,LAZIO,Lazio
8530,Catania,CAT,Calcio Catania,Catania,Catania,Catania,Catania,Catania,Catania,CATANIA,Catania
10233,Genoa,GEN,Genoa FC,Genoa,Genoa,Genoa,Genoa,Genoa,Genoa,GENOA,Genoa
8533,Chievo Verona,CHI,AC Chievo Verona,Chievo,Chievo,ChievoVerona,Chievo,Chievo,Chievo,CHIEVO,Chievo
8690,Reggio Calabria,REG,,,,,,,,,
8535,Fiorentina,FIO,ACF Fiorentina,Fiorentina,Fiorentina,Fiorentina,Fiorentina,Fiorentina,Fiorentina,FIORENTINA,Fiorentina
9885,Juventus,JUV,Juventus Turin,Juventus,Juventus,Juventus,Juventus,Juventus,Juventus,JUVENTUS,Juventus
8564,Milan,ACM,AC Milan,AC Milan,AC Milan,Milan,AC Milan,Milan,Milan,AC MILAN,AC Milan
9857,Bologna,BOL,Bologna FC,Bologna,Bologna,Bologna,Bologna,Bologna,Bologna,BOLOGNA,Bologna
8686,Roma,ROM,AS Roma,Roma,Roma,Roma,AS Roma,Roma,Roma,ROMA,AS Roma
9875,Napoli,NAP,SSC Napoli,Napoli,Napoli,SNapoli,Napoli,Napoli,Napoli,NAPOLI,Napoli
9882,Sampdoria,SAM,UC Sampdoria,Sampdoria,Sampdoria,Sampdoria,Sampdoria,Sampdoria,Sampdoria,SAMPDORIA,Sampdoria
8636,Inter,INT,Inter Milan,Inter,Inter Milan,Inter,Inter Milan,Inter,Inter,INTER MILAN,Inter
9804,Torino,TOR,AC Torino,Torino,Torino,Torino,Torino,Torino,Torino,TORINO,Torino
9888,Lecce,LEC,US Lecce,Lecce,Lecce,Lecce,Lecce,,,,Lecce
8600,Udinese,UDI,Udinese Calcio,Udinese,Udinese,Udinese,Udinese,Udinese,Udinese,UDINESE,Udinese
8540,Palermo,PAL,US Palermo,Palermo,Palermo,Palermo,Palermo,Palermo,Palermo,PALERMO,Palermo
9976,Bari,BAR,Bari,Bari,Bari,Bari,Bari,,Bari,BARI,Bari
8537,Livorno,LIV,AS Livorno,Livorno,Livorno,Livorno,Livorno,Livorno,Livorno,LIVORNO,Livorno
10167,Parma,PAR,FC Parma,Parma,Parma,Parma,Parma,Parma,Parma,PARMA,Parma
9880,Cesena,CES,AC Cesena,Cesena,Cesena,Cesena,Cesena,Cesena,Cesena,CESENA,Cesena
9858,Brescia,BRE,Brescia Calcio,Brescia,Brescia,Brescia,Brescia,,Brescia,BRESCIA,Brescia
6269,Novara,NOV,Novara Calcio,Novara,Novara,Novara,Novara,,Novara,NOVARA,Novara
9878,Pescara,PES,Pescara Calcio,Pescara,Pescara,Pescara,Pescara,Pescara,Pescara,PESCARA,Pescara
9876,Hellas Verona,VER,Hellas Verona,Verona,Verona,Hellas Verona,Verona,Verona,Verona,HELLAS VERONA,Verona
7943,Sassuolo,SAS,US Sassuolo Calcio,Sassuolo,Sassuolo,Sassuolo,Sassuolo,Sassuolo,Sassuolo,SASSUOLO,Sassuolo
8534,Empoli,EMP,Empoli FC,Empoli,Empoli,Empoli,Empoli,Empoli,Empoli,EMPOLI,Empoli
9891,Frosinone,FRO,Frosinone,Frosinone,Frosinone,Frosinone,Frosinone,Frosinone,Frosinone,FROSINONE,Frosinone
208931,Carpi,CAP,Carpi FC 1909,Carpi,Carpi,Carpi,Carpi,Carpi,Carpi,CARPI,Carpi
8277,Vitesse,VIT,Vitesse/Agovv,Vitesse,Vitesse,Vitesse,Vitesse Arnhem,,Vitesse,VITESSE,Vitesse
8674,FC Groningen,GRO,FC Groningen,Groningen,FC Groningen,Groningen,Groningen,,Groningen,GRONINGEN,Groningen
9803,Roda JC Kerkrade,ROD,Roda JC Kerkrade,Roda,Roda JC,Roda JC Kerkrade,Roda JC,,Roda,RODA JC,Roda
8611,FC Twente,TWE,FC Twente Enschede,Twente,FC Twente,Twente,FC Twente Enschede,,Twente,TWENTE,Twente
8525,Willem II,WII,Willem II Tilburg,Willem II,Willem II,Willem II,Willem II,,Willem II,WILLEM II,Willem II
8593,Ajax,AJA,Ajax Amsterdam,Ajax,Ajax,Ajax,Ajax,,Ajax,AJAX AMSTERDAM,Ajax
8464,N.E.C.,NEC,NEC Nijmegen,NEC Nijmegen,NEC Nijmegen,Nijmegen,NEC Nijmegen,,NEC Nijmegen,NEC NIJMEGEN,Nijmegen
8526,De Graafschap,GRA,De Graafschap,De Graafschap,De Graafschap,De Graafschap,De Graafschap,,De Graafschap,DE GRAAFSCHAP,Graafschap
9908,FC Utrecht,UTR,FC Utrecht,Utrecht,FC Utrecht,Utrecht,FC Utrecht,,Utrecht,UTRECHT,Utrecht
8640,PSV,PSV,PSV Eindhoven,PSV,PSV Eindhoven,Eindhoven,PSV Eindhoven,,PSV Eindhoven,PSV EINDHOVEN,PSV
9791,Heracles Almelo,HER,Heracles Almelo,Heracles,Heracles Almelo,Heracles,Heracles Almelo,,Heracles,HERACLES,Heracles
10235,Feyenoord,FEY,Feyenoord Rotterdam,Feyenoord,Feyenoord,Feyenoord,Feyenoord,,Feyenoord,FEYENOORD,Feyenoord
8614,Sparta Rotterdam,SPA,Sparta Rotterdam,Sparta Rotterdam,Sparta Rotterdam,Sparta Rotterdam,Sparta Rotterdam,,,,Sparta Rotterdam
10217,ADO Den Haag,HAA,ADO Den Haag,ADO Den Haag,ADO Den Haag,ADO Den Haag,ADO Den Haag,,Den Haag,DEN HAAG,Den Haag
6601,FC Volendam,VOL,FC Volendam,Volendam,FC Volendam,Volendam,Volendam,,Volendam,VOLENDAM,Volendam
10228,SC Heerenveen,HEE,SC Heerenveen,Heerenveen,SC Heerenveen,Heerenveen,SC Heerenveen,,Heerenveen,HEERENVEEN,Heerenveen
10229,AZ,ALK,AZ Alkmaar,AZ Alkmaar,AZ Alkmaar,AZ Alkmaar,AZ Alkmaar,,AZ Alkmaar,AZ ALKMAAR,AZ Alkmaar
9761,NAC Breda,NAC,NAC Breda,NAC Breda,NAC Breda,NBreda,NAC Breda,,NAC Breda,NAC BREDA,Breda
10219,RKC Waalwijk,RKC,RKC Waalwijk,Waalwijk,RKC Waalwijk,RKC Waalwijk,RKC Waalwijk,,Waalwijk,RKC WAALWIJK,Waalwijk
9839,VVV-Venlo,VEN,VVV Venlo,VVV Venlo,VVV Venlo,VVV-Venlo,VVV-Venlo,,Venlo,VENLO VVV,Venlo
10218,Excelsior,EXC,SBV Excelsior,Excelsior,Excelsior Rotterdam,Excelsior,Excelsior SBV,,Excelsior,EXCELSIOR,Excelsior
6413,PEC Zwolle,ZWO,PEC Zwolle,PEC Zwolle,PEC Zwolle,Zwolle,Zwolle,,Zwolle,ZWOLLE,Zwolle
7788,SC Cambuur,CAM,Cambuur Leeuwarden,Cambuur,Cambuur Leeuwarden,Cambuur,Cambuur Leeuwaarden,,Cambuur,CAMBUUR,Cambuur
6433,Go Ahead Eagles,GAE,Go Ahead Eagles,Go Ahead Eagles,Go Ahead Eagles,Go Ahead Eagles,Go Ahead Eagles,,Go Ahead Eagles,GO AHEAD EAGLES,G.A. Eagles
6631,FC Dordrecht,DOR,FC Dordrecht,Dordrecht,FC Dordrecht,Dordrecht,Dordrecht,,Dordrecht,DORDRECHT,Dordrecht
10265,Wisła Kraków,WIS,Wisla Krakow SA,Wisla Krakow,Wisla Krakow,Wisla Krakow,Wisla Krakow,,Wisla Krakow,WISLA KRAKOW,Wisla
8031,Polonia Bytom,POB,,Polonia Bytom,Polonia Bytom,Polonia Bytom,Polonia Bytom,,,,Polonia Bytom
8020,Atmosféra Gornik Zabrze,GOR,KS Gornik Zabrze,Gornik Zabrze,Gornik Zabrze,Gornik Zabrze,Gornik Zabrze,,Gornik,GORNIK ZABRZE,Gornik Z.
1601,Ruch Chorzów,CHO,Ruch Chorzow,Ruch Chorzow,Ruch Chorzow,Ruch Chorzow,Ruch Chorzow,,Ruch Chorzow,RUCH,Ruch
8673,Legia Warszawa,LEG,Legia Warsaw,Legia Warszawa,Legia Warszawa,Legia Warszawa,Legia Warszawa,,Legia,LEGIA WARSAWA,Legia
2183,P. Warszawa,PWA,Polonia Warszawa,Polonia Warszawa,Polonia Warszaw,Polonia Warsaw,Polonia Warszawa,,,POLONIA WARSAW,Polonia Warszawa
8025,Śląsk Wrocław,SLA,Slask Wroclaw,Slask Wroclaw,Slask Wroclaw,Slask Wroclaw,Slask Wroclaw,,Slask,SLASK,Slask Wroclaw
8030,Lechia Gdańsk,LGD,Lechia Gdansk,Lechia Gdansk,Lechia Gdansk,Lechia Gdansk,Lechia Gdansk,,Lechia Gdansk,LECHIA GDANSK,Lechia Gdansk
8244,ŁKS Łódź,LOD,LKS Lodz,,,,,,,,LKS Lodz
8242,Odra Wodzisław,ODR,,,,,,,,,
2182,Lech Poznań,POZ,KKS Lech Poznan,Lech Poznan,Lech Poznan,Lech Poznan,Lech Poznan,,Lech Poznan,LECH POZNAN,Lech Poznan
8569,GKS Bełchatów,BEL,PGE Gks Belchatow,GKS Belchatow,GKS Belchatow,Belchatow,GKS Belchatow,,Belchatow,BELCHATOW,GKS Belchatow
8322,Arka Gdynia,ARK,Arka Gdynia 1929,Arka Gdynia,Arka Gdynia,Arka Gdynia,Arka Gdynia,,Arka Gdynia,ARKA,Arka Gdynia
1957,Jagiellonia Białystok,BIA,Jagiellonia Bialystok,Jagiellonia,Jagiellonia Bialystok,Jagiellonia Bialystok,Jagiellonia Bialystok,,Jagiellonia Bialystok,JAGIELLONIA,Jagiellonia
8028,Piast Gliwice,PIG,GKS Piast Gliwice,Piast Gliwice,Piast Gliwice,Piast Gliwice,Piast Gliwice,,Piast Gliwice,PIAST GLIWICE,Piast Gliwice
2186,Cracovia,CKR,KS Cracovia,Cracovia Krakow,Cracovia Krakow,Cracovia Krakow,Cracovia Krakow,,Cracovia,CRACOVIA,Cracovia
8245,Korona Kielce,KKI,Korona Kielce SA,Korona Kielce,Korona Kielce,Korona Kielce,Korona Kielce,,Korona Kielce,KORONA,Korona Kielce
8021,Zagłębie Lubin,ZAG,Zaglebie Lubin,Zaglebie Lubin,Zaglebie Lubin,Zaglebie Lubin,Zaglebie Lubin,,Zaglebie Lubin,ZAGLEBIE,Zaglebie
8024,Widzew Łódź,WID,Widzew Lodz,Widzew Lodz,,Widzew Lodz,Widzew lodz,,Widzew Lodz,WIDZEW LODZ,
8033,Podbeskidzie Bielsko-Biała,POD,Podbeskidzie Bielsko Biala,Podbeskidzie,Podbeskidzie,Podbeskidzie Bielsko-Biala,Podbeskidzie Bielsko-Biala,,Podbeskidzie,PODBESKIDZIE,Podbeskidzie
8023,Pogoń Szczecin,POG,Pogon Szczecin,Pogon Szczecin,Pogon Szczecin,Pogon Szczecin,Pogon Szczecin,,Pogon Szczecin,POGON,Pogon Szczecin
8027,Zawisza Bydgoszcz,ZAW,Zawisza Bydgoszcz,Zawisza Bydgoszcz,,Zawisza,Zawisza Bydgoszcz SA,,Zawisza Bydgoszcz,ZAWISZA,Zawisza
8019,Górnik Łęczna,LEC,Gornik Leczna,Gornik Leczna,Gornik Leczna,Gornik Leczna,Gornik Leczna,,Gornik,GORNIK LECZNA,Gornik Z.
177361,Termalica Bruk-Bet Nieciecza,TBN,Termalica B,Termalica Nieciecza,Nieciecza,Termalica Nieciecza,,,Termalica Nieciecza,TERMALICA,Termalica B-B.
9773,FC Porto,POR,FC Porto,FC Porto,FC Porto,Porto,Porto,,Porto,PORTO,FC Porto
9807,CF Os Belenenses,BEL,CF Os Belenenses,Belenenses,Belenenses,Belenenses,Belenenses,,Belenenses,BELENENSES,Belenenses
9768,Sporting CP,SCP,Sporting Lisbon,Sporting CP,Sporting CP,Sporting CP,Sporting Lisbon,,Sp.Lisbon,SPORTING LISBON,Sporting
7992,Trofense,TRO,CD Trofense,Trofense,,Trofense,Clube Desportivo Trofense,,,TROFENSE,Trofense
7844,Vitória Guimarães,GUI,Vitória de Guimarães,Guimaraes,Vitoria Guimaraes,Vitoria de Guimaraes,Vitoria Guimaraes,,Guimaraes,GUIMARAES,Guimaraes
10238,Vitória Setúbal,SET,Vitoria Setubal,Vitoria Setubal,Vitoria Setubal,Vitoria de Setubal,Vitoria Setubal,,Setubal,SETUBAL,Setubal
6403,FC Paços de Ferreira,FER,FC Pacos Ferreira,Pacos Ferreira,Pacos Ferreira,Pacos de Ferreira,Pacos de Ferreira,,Ferreira,PACOS FERREIRA,Ferreira
10264,SC Braga,BRA,SC Braga,SC Braga,Sporting Braga,Braga,Sporting Braga,,Braga,BRAGA,Braga
10213,Amadora,AMA,,,,,,,,,
10215,Académica de Coimbra,ACA,Academica de Coimbra,,Academica Coimbra,Academica Coimbra,Academica Coimbra,,,,Academica Coimbra
7841,Rio Ave FC,RA,Rio Ave FC,Rio Ave,Rio Ave,Rio Ave,Rio Ave,,Rio Ave,RIO AVE,Rio Ave
9772,SL Benfica,BEN,SL Benfica,Benfica,Benfica,Benfica,Benfica,,Benfica,BENFICA,Benfica
6421,Leixões SC,LEI,Leixoes SC,Leixoes,Leixoes,Leixoes,Leixoes,,,LEIXOES,Leixoes
10214,CD Nacional,NAC,CD Nacional,Club Nacional,Nacional CD,Nacional,CD El Nacional,,Nacional,NACIONAL,Nacional
9809,Naval 1° de Maio,NAV,,Naval,,Naval,,,,NAVAL,Naval
10212,CS Marítimo,MAR,CS Maritimo,Maritimo,Maritimo,Maritimo,Maritimo,,Maritimo,MARITIMO,Maritimo
9771,"União de Leiria, SAD",,Uniao de Leiria,Leiria,,Uniao Leiria,Uniao Leiria,,,,Leiria
2033,S.C. Olhanense,OLH,SC Olhanense,Olhanense,Olhanense,Olhanense,Olhanense SC,,Olhanense,OLHANENSE,Olhanense
9765,Portimonense,POR,Portimonense SC,Portimonense,Portimonense,Portimonense,Portimonense,,,PORTIMONENSE,Portimonense
10211,SC Beira Mar,B-M,SC Beira Mar,Beira Mar,,Beira Mar,Beira Mar,,,BEIRA MAR,
4064,Feirense,FEI,CD Feirense,Feirense,Feirense,Feirense,Feirense,,Feirense,FEIRENSE,Feirense
9764,Gil Vicente FC,GV,Gil Vicente FC,Gil Vicente,Gil Vicente,Gil Vicente,Gil Vicente,,Gil Vicente,GIL VICENTE,Gil Vicente
8348,Moreirense FC,MOR,Moreirense FC,Moreirense,Moreirense,Moreirense,Moreirense,,Moreirense,MOREIRENSE,Moreirense
7842,Estoril Praia,EST,GD Estoril Praia,Estoril,Estoril,Estoril,Estoril,,Estoril,ESTORIL,Estoril
158085,FC Arouca,ARO,FC Arouca,Arouca,Arouca,Arouca,FC Arouca,,Arouca,AROUCA,Arouca
6547,FC Penafiel,PEN,FC Penafiel,Penafiel,Penafiel,Penafiel,Penafiel,,Penafiel,PENAFIEL,Penafiel
8613,Boavista FC,BOA,Boavista FC,Boavista,Boavista,Boavista,Boavista,,Boavista,BOAVISTA,Boavista
6367,Uniao da Madeira,MAD,CF Uniao,Uniao Madeira,Uniao Madeira,Uniao Madeira,CF Uniao Madeira,,Uniao Madeira,MADEIRA,U. Madeira
188163,Tondela,TON,CD Tondela,Tondela,Tondela,Tondela,CD Tondela,,Tondela,TONDELA,Tondela
8596,Falkirk,FAL,Falkirk FC,Falkirk,Falkirk,Falkirk,Falkirk,,,FALKIRK,Falkirk
8548,Rangers,RAN,,,,,,,,,Rangers
9860,Heart of Midlothian,HEA,Heart of Midlothian,Heart Of Midlothian,Heart of Midlothian,,,,Hearts,HEARTS,Hearts
9927,Motherwell,MOT,Motherwell FC,Motherwell,Motherwell,Motherwell,Motherwell,,Motherwell,MOTHERWELL,Motherwell
8597,Kilmarnock,KIL,Kilmarnock,Kilmarnock,Kilmarnock,Kilmarnock,Kilmarnock,,Kilmarnock,KILMARNOCK,Kilmarnock
10251,Hibernian,HIB,Hibernian Edinburgh,Hibernian,Hibernian,Hibernian,Hibernian,,Hibernian,HIBERNIAN,Hibernian
8485,Aberdeen,ABE,FC Aberdeen,Aberdeen,Aberdeen,Aberdeen,Aberdeen,,Aberdeen,ABERDEEN,Aberdeen
8066,Inverness Caledonian Thistle,INV,Inverness Caledonian Thistle,Inverness CT,Inverness CT,Inverness,Inverness,,Inverness,INVERNESS,Inverness
9925,Celtic,CEL,Celtic Glasgow,Celtic,Celtic,Celtic,,,Celtic,CELTIC GLASGOW,Celtic
9800,St. Mirren,MIR,FC St Mirren,St Mirren,St. Mirren,St Mirren,Saint Mirren,,St. Mirren,ST MIRREN,St. Mirren
8429,Hamilton Academical FC,HAM,Hamilton Academical,Hamilton Academical,Hamilton Academical,Hamilton Academical,Hamilton Academical,,Hamilton,HAMILTON,Hamilton
9938,Dundee United,DUU,Dundee United,Dundee Utd,Dundee United,Dundee United,Dundee,,Dundee U.,DUNDEE UNITED,Dundee Utd
8467,St. Johnstone FC,JOH,St Johnstone,St Johnstone,St. Johnstone,Dunston,Saint Johnstone,,St.Johnstone,ST JOHNSTONE,St Johnstone
8457,Dunfermline Athletic,DUN,Dunfermline,Dunfermline,Dunfermline Athletic,Dunfermline Athletic,Dunfermline Athletic,,,DUNFERMLINE,Dunfermline
8284,Dundee FC,DUF,Dundee FC,Dundee,Dundee FC,Dundee,Dundee,,Dundee FC,FC DUNDEE,Dundee FC
8649,Ross County FC,ROS,Ross County FC,Ross County,Ross County,Ross County,Ross County,,Ross County,ROSS COUNTY,Ross County
8426,Partick Thistle F.C.,PAR,Partick Thistle,Partick,Partick Thistle,Partick Thistle,Partick Thistle,,Partick T.,PARTICK THISTLE,
10267,Valencia CF,VAL,Valencia CF,Valencia,Valencia,Valencia,Valencia,Valencia,Valencia,VALENCIA,Valencia
8661,RCD Mallorca,MAL,RCD Mallorca,Mallorca,Mallorca,Mallorca,Mallorca,,Mallorca,MALLORCA,Mallorca
8371,CA Osasuna,OSA,CA Osasuna,Osasuna,Osasuna,Osasuna,Osasuna,Osasuna,Osasuna,OSASUNA,Osasuna
10205,Villarreal CF,VIL,CF Villarreal,Villarreal,Villarreal,Villarreal,Villarreal,Villarreal,Villarreal,VILLARREAL,Villarreal
9783,RC Deportivo de La Coruña,COR,Deportivo La Coruna,Deportivo La Coruna,Deportivo La Coruna,Deportivo La Coruna,Deportivo La Coruna,Deportivo,Dep La Coruna,DEP. LA CORUNA,Dep. La Coruna
8633,Real Madrid CF,REA,Real Madrid,Real Madrid,Real Madrid,Real Madrid,Real Madrid,Real Madrid,Real Madrid,REAL MADRID,Real Madrid
8388,CD Numancia,NUM,Numancia CD,Numancia,Numancia,Numancia,Numancia,,Numancia,NUMANCIA,Numancia
8634,FC Barcelona,BAR,FC Barcelona,Barcelona,Barcelona,Barcelona,Barcelona,Barcelona,Barcelona,BARCELONA,Barcelona
8696,Racing Santander,SAN,Racing Santander,Racing Santander,Racing Santander,Racing Santander,Racing Santander,,Santander,RACING SANTANDER,Santander
8302,Sevilla FC,SEV,FC Sevilla,Sevilla,Sevilla,Sevilla,Sevilla,Sevilla,Sevilla,SEVILLA,Sevilla
9869,Real Sporting de Gijón,SPG,Sporting Gijon,Sporting Gijon,Sporting Gijon,Sporting Gijon,Sporting Gijon,Gijon,Gijon,GIJON,Gijon
8305,Getafe CF,GET,Getafe CF,Getafe,Getafe,Getafe,Getafe,Getafe,Getafe,GETAFE,Getafe
8603,Real Betis Balompié,BET,Real Betis,Betis,Real Betis,Real Betis,Real Betis,Real Betis,Betis,BETIS,Betis
8479,RC Recreativo,HUE,Recreativo Huelva,Recreativo Huelva,Recreativo Huelva,Recreativo Huelva,Recreativo Huelva,,Huelva,HUELVA,Recreativo Huelva
8558,RCD Espanyol,ESP,RCD Espanyol Barcelona,Espanyol,Espanyol,Espanyol,RCD Espanyol,Espanyol,Espanyol,ESPANYOL,Espanyol
10281,Real Valladolid,VAL,Real Valladolid,Valladolid,Real Valladolid,Valladolid,,Real Valladolid,Valladolid,VALLADOLID,Valladolid
8315,Athletic Club de Bilbao,BIL,Athletic Bilbao,Athletic Club B,Athletic Bilbao,Athletic Bilbao,Athletic Bilbao,Athletic Bilbao,Ath.Bilbao,ATHLETIC BILBAO,Ath Bilbao
9865,UD Almería,ALM,UD Almeria,Almeria,Almeria,Almeria,Almeria,Almeria,Almeria,ALMERIA,Almeria
9906,Atlético Madrid,AMA,Atletico Madrid,Atletico Madrid,Atletico Madrid,Atletico Madrid,Atletico Madrid,Atletico Madrid,Atl.Madrid,ATLETICO MADRID,Atl. Madrid
9864,Málaga CF,MAL,Malaga CF,Malaga,Malaga,Malaga,Malaga,Malaga,Malaga,MALAGA,Malaga
9868,Xerez Club Deportivo,XER,,,,,,,,,
8394,Real Zaragoza,ZAR,Real Zaragoza,Zaragoza,Real Zaragoza,Zaragoza,Real Zaragoza,,Zaragoza,ZARAGOZA,Zaragoza
9867,CD Tenerife,TEN,Tenerife CD,Tenerife,Tenerife,Tenerife,Tenerife,,Tenerife,TENERIFE,Tenerife
10278,Hércules Club de Fútbol,HER,Hercules CF,Hercules,Hercules,Hercules,Hercules FC,,Hercules,HERCULES,Hercules
8581,Levante UD,LEV,UD Levante,Levante,Levante,Levante,Levante,Levante,Levante,LEVANTE,Levante
8560,Real Sociedad,SOC,Real Sociedad,Real Sociedad,Real Sociedad,Real Sociedad,Real Sociedad,Real Sociedad,R.Sociedad,REAL SOCIEDAD,Real Sociedad
7878,Granada CF,GRA,Granada CF,Granada CF,Granada,Granada,Granada CF,Granada,Granada,GRANADA,Granada CF
8370,Rayo Vallecano,RAY,Rayo Vallecano,Rayo Vallecano,Rayo Vallecano,Rayo Vallecano,Rayo Vallecano,Rayo Vallecano,Rayo Vallecano,RAYO VALLECANO,Rayo Vallecano
9910,RC Celta de Vigo,CEL,RC Celta De Vigo,Celta Vigo,Celta de Vigo,Celta Vigo,Celta Vigo,Celta,Celta Vigo,CELTA VIGO,Celta Vigo
10268,Elche CF,ELC,Elche CF,Elche,Elche,Elche,Elche,Elche,Elche,ELCHE,Elche
8372,SD Eibar,EIB,SD Eibar,Eibar,Eibar,Eibar,Eibar,Eibar,Eibar,EIBAR,Eibar
7869,Córdoba CF,COR,CF Cordoba,Cordoba,Cordoba,Cordoba,Cordoba,Cordoba,Cordoba,CORDOBA,Cordoba
8306,UD Las Palmas,LAS,Union Deportiva Las Palmas,Las Palmas,Las Palmas,Las Palmas,Las Palmas,Las Palmas,Las Palmas,LAS PALMAS,Las Palmas
9956,Grasshopper Club Zürich,GRA,Grasshopper Club Zürich,Grasshopper-Club,Grasshoppers,Grasshoppers,Grasshopper,,Grasshoppers,GRASSHOPPERS,Grasshoppers
6493,AC Bellinzona,BEL,AC Bellinzona,AC Bellinzona,,Bellinzona,,,,BELLINZONA,Bellinzona
10192,BSC Young Boys,YB,Young Boys Bern,BSC Young Boys,Young Boys,Young Boys,Young Boys,,Young Boys,YOUNG BOYS,Young Boys
9931,FC Basel,BAS,FC Basel,FC Basel 1893,Basel,Basel,Basel,,Basel,BASEL,Basel
9930,FC Aarau,AAR,FC Aarau,FC Aarau,Aarau,Aarau,Aarau,,Aarau,AARAU,Aarau
10179,FC Sion,SIO,FC Sion,FC Sion,Sion,Sion,FC Sion,,Sion,SION,Sion
10199,FC Luzern,LUZ,FC Luzern,FC Luzern,Luzern,Luzern,Luzern,,Luzern,LUZERN,Luzern
9824,FC Vaduz,VAD,FC Vaduz,FC Vaduz,Vaduz,Vaduz,Vaduz,,Vaduz,VADUZ,Vaduz
7955,Neuchâtel Xamax,XAM,Neuchatel Xamax FC,Neuchatel Xamax FC,Neuchatel Xamax,Xamax,Neuchatel Xamax,,,XAMAX,Xamax
10243,FC Zürich,ZUR,FC Zürich,FC Zurich,Zurich,Zurich,FC Zurich,,FC Zurich,ZURICH,Zurich
10190,FC St. Gallen,GAL,FC St. Gallen,FC St. Gallen,St. Gallen,St.Gallen,St. Gallen,,St.Gallen,ST GALLEN,St. Gallen
10191,FC Thun,THU,FC Thun,FC Thun,Thun,Thun,Thun,,Thun,THUN,Thun
9777,Servette FC,SER,Servette Geneva FC,Servette FC,Servette,Servette,Servette,,,SERVETTE,Servette Geneve FC
7730,FC Lausanne-Sports,LAU,FC Lausanne,FC Lausanne-Sport,Lausanne Sport,Lausanne,Lausanne Sports,,Lausanne,LAUSANNE,Lausanne
7896,Lugano,LUG,FC Lugano,FC Lugano,Lugano,Lugano,Lugano,,,LUGANO,Lugano
8989,RB Leipzig,RBL,RB Leipzig,RB Leipzig,RB Leipzig,RB Leipzig,RB Leipzig,RB Leipzig,RB Leipzig,RB LEIPZIG,RB Leipzig
